﻿Номер,ID,Username,Имя,Фамилия,Полное_имя,Бот,Телефон,Premium,Удалён
2,1449923256,,K,,K,Нет,,Нет,Нет
3,751608153,xndrhsh,******,****,****** ****,Нет,,Нет,Нет
4,237811642,Clown_named_Woof,Миша,Зе,Миша Зе,Нет,,Да,Нет
5,5216382498,ACddForever,А,,А,Нет,,Нет,Нет
6,740713454,NewPsix,CorgiN,,CorgiN,Нет,,Да,Нет
7,6328539634,dotsenko_volodymyr,Доценко В.,,Доценко В.,Нет,,Нет,Нет
8,210944655,combot,Combot,,Combot,Да,,Нет,Нет
9,1005951106,,Modero,,Modero,Да,,Нет,Нет
10,734493039,Bovatingmo,Bovatingmo,,Bovatingmo,Нет,,Да,Нет
11,744722091,larisaguzeeva,Lyonah,,Lyonah,Нет,,Да,Нет
12,7118271973,Demerzel_aibot,Демерзель,,Демерзель,Да,,Нет,Нет
13,897684703,Totenigel,Igel,,Igel,Нет,,Нет,Нет
14,1311418629,chanterelle_99,chanterelle,,chanterelle,Нет,,Нет,Нет
15,477705987,,Maria,,Maria,Нет,,Да,Нет
16,727549682,TapokValera,Сырни,Тёрли-Граф-Гликберг-Брандтштейн,Сырни Тёрли-Граф-Гликберг-Брандтштейн,Нет,,Нет,Нет
17,1689712806,Sadeastwood23,Александр,Герман,Александр Герман,Нет,,Нет,Нет
18,5491255791,mueslya,muslya,,muslya,Нет,,Нет,Нет
19,7377004997,SigurdHaraldson,Сигурд,,Сигурд,Нет,,Нет,Нет
20,964961102,lisaclemm,Елизавета,,Елизавета,Нет,,Нет,Нет
21,7944829318,,Арсений,,Арсений,Нет,,Нет,Нет
22,1367017521,ksen_om,Ксения,Ом,Ксения Ом,Нет,,Нет,Нет
23,576246268,notsomicky,Mike,,Mike,Нет,,Нет,Нет
24,926156200,wldntrnr,D,,D,Нет,,Да,Нет
25,622966494,smthwrongl,Tired,,Tired,Нет,,Нет,Нет
26,1023598110,adlom_keeper,KEEPER,,KEEPER,Нет,,Нет,Нет
27,1877866645,soystein,Dr. Soystein,,Dr. Soystein,Нет,,Нет,Нет
28,1033443961,tonet_v_chae,Саша,,Саша,Нет,,Да,Нет
29,5186374534,,тагир,бахтияров,тагир бахтияров,Нет,,Нет,Нет
30,5964900522,irina57324,Ирина,,Ирина,Нет,,Нет,Нет
31,920753413,le_cul_pent,Leyla,,Leyla,Нет,,Да,Нет
32,2057357533,gdbysbb,З,,З,Нет,,Нет,Нет
33,7899836467,,Sahaja,,Sahaja,Нет,,Нет,Нет
34,639802868,Andrew_Shab,Andrew,,Andrew,Нет,,Нет,Нет
35,863147774,hey_pumpkin,Vogelgesang,,Vogelgesang,Нет,,Да,Нет
36,8128846730,Roll43,yulia,,yulia,Нет,,Нет,Нет
37,1449978290,nickname423,Крон,,Крон,Нет,,Нет,Нет
38,6142550277,Steepall,Stefan,,Stefan,Нет,,Нет,Нет
39,389297139,Elazey,Татьяна,,Татьяна,Нет,,Да,Нет
40,368199857,Manyakk666,Свидетель,Конфайнмента,Свидетель Конфайнмента,Нет,,Да,Нет
41,69890406,geshtalt2005,Yasha,Livshits,Yasha Livshits,Нет,,Да,Нет
42,1319014139,nimia_cogitation,stepan,bücherman,stepan bücherman,Нет,,Нет,Нет
43,5936191388,XANNAMO,28 VOTES IN THE HEAD,,28 VOTES IN THE HEAD,Нет,,Нет,Нет
44,438856228,linmlna,mol,,mol,Нет,,Нет,Нет
45,7459303659,Whimsikl33,ohbabyilovemoney,,ohbabyilovemoney,Нет,,Да,Нет
46,693849914,shurrok,Александра,,Александра,Нет,,Нет,Нет
47,8014092192,snnezhkaa,Снежана,,Снежана,Нет,,Нет,Нет
48,1205232896,man_on_the_slvrmountain,Ярослав,,Ярослав,Нет,,Нет,Нет
49,8396952645,,Изик,,Изик,Нет,,Нет,Нет
50,490667659,Bulat_MS,Bulat,,Bulat,Нет,,Нет,Нет
51,5857162129,QWERTY1917S,Анна,Будаева,Анна Будаева,Нет,,Нет,Нет
52,654357924,valefrommsk,vale,,vale,Нет,,Нет,Нет
53,1205067522,hhhkkkaaaremba,ксения,,ксения,Нет,,Да,Нет
54,1215864700,zagorukdmitry,Dmitry,,Dmitry,Нет,,Нет,Нет
55,885139671,Alhimik_magic,Максим,Странник,Максим Странник,Нет,,Да,Нет
56,1036695260,charming_whale,Екатерина,Лапшина,Екатерина Лапшина,Нет,,Нет,Нет
57,1216672196,mialovesong,Мия,Лавсонг,Мия Лавсонг,Нет,,Нет,Нет
58,85939687,kereal,kirill,svetlov,kirill svetlov,Нет,,Нет,Нет
59,384524146,k1sachka,Vladik,,Vladik,Нет,,Нет,Нет
60,8208735754,,🦇,,🦇,Нет,,Нет,Нет
61,1422046209,toritray,Alex,,Alex,Нет,,Нет,Нет
62,1013123121,Parim_kaknado,Виктория,Тулякова,Виктория Тулякова,Нет,,Да,Нет
63,6179522427,Ruyan_2033,Алексей,Руян,Алексей Руян,Нет,,Нет,Нет
64,839471461,uliagust,Уля,,Уля,Нет,,Да,Нет
65,332663694,aesculuki,Анна,Лукьянова,Анна Лукьянова,Нет,,Да,Нет
66,830125608,MIlk_it,Mo Lo Ko,,Mo Lo Ko,Нет,79612601997,Нет,Нет
67,7269247262,mizardl,Andre,,Andre,Нет,,Нет,Нет
68,1296677510,AdrenalinAMS,Arina,Matuzova,Arina Matuzova,Нет,,Да,Нет
69,1886929785,polyanik_nataliya,Наталья,Полянская,Наталья Полянская,Нет,,Нет,Нет
70,5068781158,spellb1nder,Филипп,,Филипп,Нет,,Нет,Нет
71,1859448835,Diepussy,язаз,ло,язаз ло,Нет,,Нет,Нет
72,729028543,Ole_0le_Ole_Oleg,Пицца,Пепероня,Пицца Пепероня,Нет,,Нет,Нет
73,1812434030,,Кирилл,,Кирилл,Нет,,Нет,Нет
74,868724533,Pr0tag0niist,Robert,.,Robert .,Нет,,Нет,Нет
75,8300073677,swampmechanism,Chaga,,Chaga,Нет,,Нет,Нет
76,466310907,piter_perkin,Lev,,Lev,Нет,,Нет,Нет
77,5028195545,Sveklovich,Sveklovich,,Sveklovich,Нет,,Да,Нет
78,483711055,komradDorean,Василий,Максимовский,Василий Максимовский,Нет,,Нет,Нет
79,1173815663,,Юрский,,Юрский,Нет,,Нет,Нет
80,324315546,just_4242,Василий,,Василий,Нет,,Нет,Нет
81,1159982312,oktyabrr,Xri,,Xri,Нет,,Да,Нет
82,8435923127,,Лофт,,Лофт,Нет,,Нет,Нет
83,474956255,vivalaeva,Евгения,,Евгения,Нет,,Да,Нет
84,8232788775,Kas198354,Justdoit,,Justdoit,Нет,,Нет,Нет
85,5717732441,ArCazuM,Штиль,,Штиль,Нет,,Нет,Нет
86,56833060,Harkoleptic,Vasilii,Burkov,Vasilii Burkov,Нет,,Да,Нет
87,834044606,Karina_Qwerty,Karina,Qwerty,Karina Qwerty,Нет,,Нет,Нет
88,1439880033,,Vadim,,Vadim,Нет,,Да,Нет
89,1094708800,LilyandLilu,Bitter,Sweet,Bitter Sweet,Нет,,Нет,Нет
90,1384331409,TrueDarwinist,Мойша,,Мойша,Нет,,Нет,Нет
91,234005064,JumperJumper,Jumper,Jumper,Jumper Jumper,Нет,,Нет,Нет
92,5788118768,regular_devil,︎ ︎ ︎ ︎ ︎,,︎ ︎ ︎ ︎ ︎,Нет,,Да,Нет
93,1988509034,ogramc,OgraM,,OgraM,Нет,,Нет,Нет
94,1049991965,XIIIIOA,NANGA,,NANGA,Нет,,Да,Нет
95,504834269,mMANKURT,Alina,,Alina,Нет,,Нет,Нет
