{
  "index": {
    "bd\\first_part_001.csv": {
      "hash": "11382381_1765787086.487756",
      "lines": 246928,
      "size": 11382381,
      "name": "first_part_001.csv",
      "delimiter": "|",
      "fields": [
        "name_en",
        "phone",
        "telegram_id",
        "password"
      ],
      "indexed_at": "2025-12-15 12:36:40"
    }
  },
  "field_stats": {
    "name_en": 1,
    "phone": 1,
    "telegram_id": 1,
    "password": 1
  },
  "updated": "2025-12-15 12:36:40"
}