{"50a6db8e929ca262f88562f67882900c": {"query": "748867906", "data": [{"file": "first_part_001.csv", "file_path": "bd\\first_part_001.csv", "line_number": 22, "raw_data": "21|!ett@|ConraD|60168235129|748867906|IettaConD|", "parsed": {}}], "timestamp": 1765789504.234265}, "1893b0e9fc0d7f6ca8bdd386375ba78e": {"query": "389068614", "data": [{"file": "first_part_001.csv", "file_path": "bd\\first_part_001.csv", "line_number": 184270, "raw_data": "184269|A | p|989148179220|389068614||1566078620000", "parsed": {}}], "timestamp": 1765789566.7234235}, "07281237caebdfd781fc9f3b3dfdbdb4": {"query": "365994115", "data": [{"file": "first_part_001.csv", "file_path": "bd\\first_part_001.csv", "line_number": 88819, "raw_data": "88818| .||989158075713|365994115||", "parsed": {}}], "timestamp": 1765790684.478339}}