{"cache": {"d3298fa72d6d5be683bf6b43731b4f07": {"query": "628083932", "data": [{"file": "Tg1_part_001.csv", "file_path": "bd\\Tg1_part_001.csv", "line_number": 128822, "raw_data": "628083932;79680773994;MarishkaMi;Marina;Mironova", "parsed": {}}], "timestamp": 1765801829.8238208, "results_count": 1}, "62d31bb78d12ad9a429c692f6c31d00e": {"query": "1038520739", "data": [{"file": "Tg1_part_001.csv", "file_path": "bd\\Tg1_part_001.csv", "line_number": 110810, "raw_data": "1038520739;998941429690;baxa9096;𝓑𝓪𝔁𝓪;𝓓𝓪𝓾𝓻𝓴𝓱𝓪𝓷𝓸𝓿", "parsed": {}}], "timestamp": 1765803788.2119465, "results_count": 1}, "8c38c16c80a3a17ba9842ae4b0fbb83c": {"query": "79656167997", "data": [{"file": "Tg1_part_001.csv", "file_path": "bd\\Tg1_part_001.csv", "line_number": 110792, "raw_data": "372811327;79656167997;Timergab;Тимер;С Ханской улицы", "parsed": {}}], "timestamp": 1765803975.8424993, "results_count": 1}}, "hit_count": 0, "miss_count": 6, "saved_at": "2025-12-15 16:28:26"}