{
  "total_searches": 4,
  "total_results_found": 2,
  "total_search_time": 1.7624318599700928,
  "searches_history": [
    {
      "query": "2032465084",
      "results": 0,
      "duration": 0.3910198211669922,
      "timestamp": "2025-12-15T12:37:14.258653"
    },
    {
      "query": "1038520739",
      "results": 1,
      "duration": 0.61,
      "timestamp": "2025-12-15T16:03:08.228333"
    },
    {
      "query": "Юрий Лискунович",
      "results": 0,
      "duration": 0.55,
      "timestamp": "2025-12-15T16:05:42.618778"
    },
    {
      "query": "79656167997",
      "results": 1,
      "duration": 0.59,
      "timestamp": "2025-12-15T16:06:15.967157"
    }
  ],
  "last_search": {
    "query": "79656167997",
    "results": 1,
    "duration": 0.59,
    "timestamp": "2025-12-15T16:06:15.967157"
  },
  "popular_queries": {
    "1038520739": 1,
    "юрий лискунович": 1,
    "79656167997": 1
  },
  "daily_stats": {
    "2025-12-15": {
      "searches": 3,
      "results": 2,
      "time": 1.7624318599700928
    }
  },
  "databases_info": {}
}